cls,preset,kp,kd,I_link,mgd,tau_pk,vel_lim,armature,coulomb,viscous,fric_src,arm_over_Ilink,tau_over_arm,tau_over_Jtot,step_rise_ms,step_overshoot_pct,step_settle_ms,step_ss_err_deg,step_tau_peak,step_sat_frac,bw_3db_hz,f_90deg_hz,res_peak_db,res_freq_hz,chirp_sat_frac,ms_track_rms_deg,ms_track_max_deg,ms_tau_rms,ms_tau_peak,ms_sat_frac,fd_moved,fd_travel_rad,fd_stop_s,fd_swings,fd_hit_limit,fd_rest_deg
elbow,dm4340,70.0,2.0,0.00215,0.06,27.0,5.445427266222308,0.02557,0.0,0.0,M 실측,11.893023255813953,1055.9249120062573,974.025974025974,51.99999999999992,2.334503801352542,67.99999999999993,0.00019644267261466125,21.0,0.0,13.048203782185926,,1.9270282492583894,6.435333333333332,0.107859476034931,0.4972566852826826,0.8567437910591197,0.7338792202225479,1.24671,0.0,True,2.967058,,0.0,True,
elbow,g1_elbow,70.0,2.0,0.00215,0.06,25.0,37.0,0.01,0.0,0.0,S 범용값,4.651162790697675,2500.0,2057.6131687242796,51.99999999999992,0.0,73.99999999999984,0.0001309617817425017,21.0,0.0,28.897977496610313,,1.087492944981762,10.41533333333333,0.1403239784014399,0.18503672841303917,0.32142932306839206,0.3031838859251464,0.519285,0.0,True,2.967058,,0.0,True,
elbow,h1_elbow,70.0,2.0,0.00215,0.06,18.0,20.0,0.0,0.0,0.0,— 미공개(0),0.0,,8372.093023255815,64.00000000000006,0.0,85.99999999999999,0.0001309617817425017,18.0,0.0010000002857145714,,,0.22998201748346755,,0.0017998800079994668,0.002671240607934039,0.0046409581405595386,0.051719375528141376,0.089081,0.0,True,2.967058,,0.0,True,
elbow,mit_elbow,70.0,2.0,0.00215,0.06,52.2,35.0,0.005561457499999999,0.0,0.0,— 미공개(0),2.5867244186046507,9386.028752354938,6769.148374350764,55.999999999999794,0.0,80.00000000000007,0.00016370222718130767,21.000000857142854,0.0,,,0.7037083167633948,11.476666666666663,0.0,0.10244115937473862,0.17841905740373867,0.1892976246553482,0.325022,0.0,True,2.967058,,0.0,True,
elbow,rs02_elbow,70.0,2.0,0.00215,0.06,17.0,42.93509959906051,0.0015,0.0,0.0,S 범용값,0.6976744186046512,11333.333333333334,4657.534246575343,62.00000000000021,0.0,83.99999999999994,0.0002291831180498323,17.0,0.0010000002857145714,,,0.39610862073417397,,0.0486634224385041,0.029166505481474397,0.05093594798713183,0.08828069552781577,0.151925,0.0,True,2.967058,,0.0,True,
shoulder,bh_8513,70.0,2.75,0.434,11.74,45.3,40.7,0.005588999999999999,0.0,0.0,— 미공개(0),0.012877880184331796,8105.206655931294,103.05080427399228,98.85714285714288,35.58829954414869,861.1428571428569,1.4250978703060655,19.718941285714287,0.0,3.394046202511495,2.5813634687433713,5.868938891971167,2.1759999999999997,0.0,6.812817550494599,11.753598913534194,10.279874790405223,17.231894,0.0,True,22.18972,,7.5,False,
shoulder,dm8009,70.0,2.75,0.434,11.74,40.0,16.755160819145562,0.01669,0.0,0.0,M 실측,0.038456221198156684,2396.644697423607,88.75280126028979,98.85714285714263,36.02598590330353,876.5714285714284,1.4258197971279323,19.71874742857143,0.0,3.3607073087026813,2.5372871888990174,5.912949536170063,2.1759999999999997,0.0,6.77020279753438,11.760932773311868,10.208583615442391,17.234673,0.0,True,22.014088,,7.5,False,
shoulder,g1_shoulder,70.0,2.75,0.434,11.74,25.0,37.0,0.01,0.0,0.0,S 범용값,0.02304147465437788,2500.0,56.306306306306304,98.85714285714263,35.7643674859212,866.8571428571431,1.425721657642738,19.718852857142856,0.0,3.3831278776342812,2.57399720415345,5.8881262518536515,2.1759999999999997,0.0,6.795869132825452,11.75726584342303,10.25156170478477,17.227663,0.0,True,22.149274,,7.5,False,
shoulder,h1_shoulder,70.0,2.75,0.434,11.74,40.0,9.0,0.0,0.0,0.0,— 미공개(0),0.0,,92.16589861751152,98.00000000000038,35.36648931095329,786.5714285714284,1.4236618743692417,19.71879742857143,0.0,3.4281602045418573,2.5910075790929654,5.841508717485393,2.1759999999999997,0.0,6.834250619141645,11.751593561251237,10.315608140434342,17.24074,0.0,True,22.203565000000005,,8.0,False,
shoulder,mit_shoulder,70.0,2.75,0.434,11.74,33.6,55.0,0.0023,0.0,0.0,— 미공개(0),0.005299539170506912,14608.695652173914,77.01123080449233,98.00000000000038,35.45793898177947,855.1428571428572,1.424331907585092,19.719035,0.0,3.4118815985991313,2.586989508489972,5.853272942432511,2.1759999999999997,0.0,6.825445849294252,11.75239570216442,10.300938035956651,17.237413,0.0,True,22.194947,,8.0,False,
shoulder,rs03_shoulder,70.0,2.75,0.434,11.74,60.0,20.420352248333653,0.005,0.0,0.0,S 범용값,0.01152073732718894,12000.0,136.6742596810934,98.85714285714288,35.564288102156446,860.2857142857141,1.4249109223626273,19.71895257142857,0.0,3.3954942333970624,2.582361894194845,5.866206458498935,2.1759999999999997,0.0,6.8150762159497145,11.753025955739064,10.283647195896702,17.232952,0.0,True,22.19162,,7.5,False,
wrist,bh_5013,10.0,0.5,0.00559,0.72,9.7,83.7,0.0004941,0.0,0.0,— 미공개(0),0.08838998211091234,19631.653511434928,1594.3196199930965,97.14285714285691,0.0,110.85714285714276,0.6518295281862608,2.914697571428572,0.0,17.409510477464764,,1.0363198345575235,5.347999999999999,0.0,0.5279311425503161,1.3139068157940026,0.11880078693268982,0.279969,0.0,True,50.092268000000004,,16.5,False,
wrist,bhl_5010_arm,10.0,0.5,0.00559,0.72,4.0,10.0,0.002,0.0,0.0,— 미공개(0),0.35778175313059035,2000.0,527.0092226613965,87.71428571428588,0.048656439633879396,103.99999999999957,0.6516003450682074,2.914695428571428,0.0,13.384871013486721,,1.2565569640465533,4.754,0.07666155589627358,0.6502322422888954,1.5054466067062375,0.15349000254891879,0.328252,0.0,True,45.023215,,14.5,False,
wrist,dm4310,10.0,0.5,0.00559,0.72,7.0,20.94395102393195,0.00169,0.0,0.0,M 실측,0.3023255813953488,4142.011834319526,961.5384615384615,88.85714285714316,0.017136736879682805,104.8571428571426,0.6515348641773334,2.914695428571428,0.0,14.502324321238248,,1.2128128816059167,4.885999999999999,0.0,0.6222263679109418,1.4648811948109761,0.14587070693951357,0.318063,0.0,True,45.900591000000006,,15.0,False,
wrist,g1_wrist_pitch,10.0,0.5,0.00559,0.72,5.0,22.0,0.01,0.0,0.0,S 범용값,1.7889087656529516,500.0,320.7184092366902,76.57142857142864,4.147531437793092,191.71428571428558,0.6519932304134404,2.9146992857142857,0.0,8.232014379877828,,2.158077314416301,3.632,0.06579561362575828,1.6594691267505048,2.8080661539361644,0.402323597089458,0.654784,0.0,True,31.476363,,10.0,False,
wrist,g1_wrist_roll,10.0,0.5,0.00559,0.72,25.0,37.0,0.01,0.0,0.0,S 범용값,1.7889087656529516,2500.0,1603.592046183451,76.57142857142864,4.147531437793092,191.71428571428558,0.6519932304134404,2.9146992857142857,0.0,8.232014379877828,,2.158077314416301,3.632,0.0,1.6594691267505048,2.8080661539361644,0.402323597089458,0.654784,0.0,True,31.476273,,10.0,False,
wrist,h12_wrist,10.0,0.5,0.00559,0.72,19.0,31.4,0.0,0.0,0.0,— 미공개(0),0.0,,3398.9266547406082,99.42857142857113,0.0,112.85714285714286,0.6518622686316943,2.9146980000000005,0.0,18.481926395010976,,0.9600860093350572,5.347999999999999,0.0,0.49654434362408434,1.2542046135413716,0.10893107742906145,0.264794,0.0,True,52.48675,,17.0,False,
wrist,rs00_wrist,10.0,0.5,0.00559,0.72,14.0,32.98672286269283,0.005,0.0,0.0,S 범용값,0.8944543828264758,2800.0,1322.0018885741265,79.14285714285711,1.0831374417106656,96.85714285714285,0.6515676046227741,2.914695428571428,0.0,10.720087704468693,,1.6386281841859882,4.225999999999999,0.0,0.9750964937441259,1.9259403325527495,0.23652566248516382,0.433342,0.0,True,37.893835,,12.5,False,
